{
  "project_info": {
    "project_number": "238598734939",
    "project_id": "unibus-1542a",
    "storage_bucket": "unibus-1542a.appspot.com"
  },
  "client": [
    {
      "client_info": {
        "mobilesdk_app_id": "1:238598734939:android:c0473068a4ebc451f06b7e",
        "android_client_info": {
          "package_name": "com.diegolozano.unabus"
        }
      },
      "oauth_client": [],
      "api_key": [
        {
          "current_key": "AIzaSyBEbdV-IqM0SfuaAoKU0fFlKx3dTlGyakk"
        }
      ],
      "services": {
        "appinvite_service": {
          "other_platform_oauth_client": []
        }
      }
    },
    {
      "client_info": {
        "mobilesdk_app_id": "1:238598734939:android:8ed5797a32b979cdf06b7e",
        "android_client_info": {
          "package_name": "com.example.unibus_v1"
        }
      },
      "oauth_client": [],
      "api_key": [
        {
          "current_key": "AIzaSyBEbdV-IqM0SfuaAoKU0fFlKx3dTlGyakk"
        }
      ],
      "services": {
        "appinvite_service": {
          "other_platform_oauth_client": []
        }
      }
    }
  ],
  "configuration_version": "1"
}